,H1N1,HIV-1,HHV-4,ZIKV,DENV-2,H3N2,HHV-8,HPV16,HPV18,HHV-1,HPV8,HPV31,HCV-1b,MeV,HCV,HPV6b,HHV-8P,HPV11,H5N1,LCMV,SARS-CoV-2,SV40,HPV9,HPV5,HCV-H
Q8N6M3,0.09810679,0.035236627,0.08936062,0.38918215,0.0824525,0.010938282,0.024739591,0.071164235,0.17714249,0.016367475,0.025706237,0.009387112,0.029130219,0.0057355734,0.018366255,0.28889793,0.0090582045,0.028555114,0.0024285272,0.00033131463,0.012802723,0.02338774,0.018221825,0.008822623,0.0032837149
